"","lake","Depth_meter","Water_Temperature_celsius","datetime"
"1","peter",0,21.2,2024-06-10 17:46:20
"2","peter",0.25,21.17,2024-06-10 17:46:50
"3","peter",0.5,20.94,2024-06-10 17:47:20
"4","peter",0.75,19.97,2024-06-10 17:47:50
"5","peter",1,19.11,2024-06-10 17:48:20
"6","peter",1.25,18.62,2024-06-10 17:48:50
"7","peter",1.5,18.21,2024-06-10 17:49:20
"8","peter",1.75,18.02,2024-06-10 17:49:50
"9","peter",2,17.86,2024-06-10 17:50:20
"10","peter",2.25,17.47,2024-06-10 17:50:50
"11","peter",2.5,15.5,2024-06-10 17:51:20
"12","peter",2.75,13.92,2024-06-10 17:51:50
"13","peter",3,12.4,2024-06-10 17:52:20
"14","peter",3.25,11.15,2024-06-10 17:52:50
"15","peter",3.5,10.4,2024-06-10 17:53:20
"16","peter",3.75,9.18,2024-06-10 17:53:50
"17","peter",4,8.15,2024-06-10 17:54:20
"18","peter",4.25,7.4,2024-06-10 17:54:50
"19","peter",4.5,6.91,2024-06-10 17:55:20
"20","peter",4.75,6.37,2024-06-10 17:55:50
"21","peter",5,5.94,2024-06-10 17:56:20
"22","peter",5.25,5.47,2024-06-10 17:56:50
"23","peter",5.5,5.23,2024-06-10 17:57:20
"24","peter",5.75,4.97,2024-06-10 17:57:50
"25","peter",6,4.72,2024-06-10 17:58:20
"26","peter",6.25,4.62,2024-06-10 17:58:50
"27","peter",6.5,4.66,2024-06-10 17:59:20
"28","peter",6.75,4.64,2024-06-10 17:59:50
"29","peter",7,4.63,2024-06-10 18:00:20
"30","peter",7.5,4.59,2024-06-10 18:00:50
"31","peter",8,4.51,2024-06-10 18:01:20
"32","peter",0,21.49,2024-06-13 14:29:50
"33","peter",0.25,21.37,2024-06-13 14:30:20
"34","peter",0.5,20.55,2024-06-13 14:30:50
"35","peter",0.75,19.88,2024-06-13 14:31:20
"36","peter",1,18.89,2024-06-13 14:31:50
"37","peter",1.25,18.27,2024-06-13 14:32:20
"38","peter",1.5,18.07,2024-06-13 14:32:50
"39","peter",1.75,17.76,2024-06-13 14:33:20
"40","peter",2,17.37,2024-06-13 14:33:50
"41","peter",2.25,16.44,2024-06-13 14:34:20
"42","peter",2.5,14.58,2024-06-13 14:34:50
"43","peter",2.75,13.56,2024-06-13 14:35:20
"44","peter",3,11.04,2024-06-13 14:35:50
"45","peter",3.25,9.76,2024-06-13 14:36:20
"46","peter",3.5,8.75,2024-06-13 14:36:50
"47","peter",3.75,7.98,2024-06-13 14:37:20
"48","peter",4,7.29,2024-06-13 14:37:50
"49","peter",4.25,6.65,2024-06-13 14:38:20
"50","peter",4.5,6.2,2024-06-13 14:38:50
"51","peter",4.75,5.73,2024-06-13 14:39:20
"52","peter",5,5.36,2024-06-13 14:39:50
"53","peter",5.25,5.07,2024-06-13 14:40:20
"54","peter",5.5,4.77,2024-06-13 14:40:50
"55","peter",5.75,4.73,2024-06-13 14:41:20
"56","peter",6,4.73,2024-06-13 14:41:50
"57","peter",6.25,4.72,2024-06-13 14:42:20
"58","peter",6.5,4.7,2024-06-13 14:42:50
"59","peter",6.75,4.71,2024-06-13 14:43:20
"60","peter",7,4.69,2024-06-13 14:43:50
"61","peter",7.5,4.63,2024-06-13 14:44:20
"62","peter",8,5.98,2024-06-13 14:44:50
"63","peter",0,23.21,2024-06-14 14:42:20
"64","peter",0.25,23.11,2024-06-14 14:42:50
"65","peter",0.5,22.73,2024-06-14 14:43:20
"66","peter",0.75,21.09,2024-06-14 14:43:50
"67","peter",1,20.4,2024-06-14 14:44:20
"68","peter",1.25,19.79,2024-06-14 14:44:50
"69","peter",1.5,19.26,2024-06-14 14:45:20
"70","peter",1.75,18.72,2024-06-14 14:45:50
"71","peter",2,18.21,2024-06-14 14:46:20
"72","peter",2.25,17.59,2024-06-14 14:46:50
"73","peter",2.5,15.65,2024-06-14 14:47:20
"74","peter",2.75,14.23,2024-06-14 14:47:50
"75","peter",3,12.9,2024-06-14 14:48:20
"76","peter",3.25,11.51,2024-06-14 14:48:50
"77","peter",3.5,10.03,2024-06-14 14:49:20
"78","peter",3.75,9.02,2024-06-14 14:49:50
"79","peter",4,7.96,2024-06-14 14:50:20
"80","peter",4.25,7.34,2024-06-14 14:50:50
"81","peter",4.5,6.91,2024-06-14 14:51:20
"82","peter",4.75,6.52,2024-06-14 14:51:50
"83","peter",5,6.2,2024-06-14 14:52:20
"84","peter",5.25,5.72,2024-06-14 14:52:50
"85","peter",5.5,5.37,2024-06-14 14:53:20
"86","peter",5.75,5.01,2024-06-14 14:53:50
"87","peter",6,4.81,2024-06-14 14:54:20
"88","peter",6.25,4.71,2024-06-14 14:54:50
"89","peter",6.5,4.72,2024-06-14 14:55:20
"90","peter",6.75,4.74,2024-06-14 14:55:50
"91","peter",7,4.7,2024-06-14 14:56:20
"92","peter",7.5,4.58,2024-06-14 14:56:50
"93","peter",8,4.53,2024-06-14 14:57:20
"94","peter",0,22.33,2024-06-20 16:19:20
"95","peter",0.25,22.35,2024-06-20 16:19:50
"96","peter",0.5,22.35,2024-06-20 16:20:20
"97","peter",0.75,22.35,2024-06-20 16:20:50
"98","peter",1,22.35,2024-06-20 16:21:20
"99","peter",1.25,22.34,2024-06-20 16:21:50
"100","peter",1.5,21.21,2024-06-20 16:22:20
"101","peter",1.75,20.28,2024-06-20 16:22:50
"102","peter",2,19.34,2024-06-20 16:23:20
"103","peter",2.25,18.1,2024-06-20 16:23:50
"104","peter",2.5,16.61,2024-06-20 16:24:20
"105","peter",2.75,14.97,2024-06-20 16:24:50
"106","peter",3,13.58,2024-06-20 16:25:20
"107","peter",3.25,12.05,2024-06-20 16:25:50
"108","peter",3.5,10.85,2024-06-20 16:26:20
"109","peter",3.75,9.65,2024-06-20 16:26:50
"110","peter",4,8.78,2024-06-20 16:27:20
"111","peter",4.25,8.07,2024-06-20 16:27:50
"112","peter",4.5,7.42,2024-06-20 16:28:20
"113","peter",4.75,6.93,2024-06-20 16:28:50
"114","peter",5,6.36,2024-06-20 16:29:20
"115","peter",5.25,5.86,2024-06-20 16:29:50
"116","peter",5.5,5.46,2024-06-20 16:30:20
"117","peter",5.75,5,2024-06-20 16:30:50
"118","peter",6,4.88,2024-06-20 16:31:20
"119","peter",6.25,4.86,2024-06-20 16:31:50
"120","peter",6.5,4.85,2024-06-20 16:32:20
"121","peter",6.75,4.83,2024-06-20 16:32:50
"122","peter",7,4.74,2024-06-20 16:33:20
"123","peter",7.5,4.67,2024-06-20 16:33:50
"124","peter",8,4.58,2024-06-20 16:34:20
"125","peter",12,4.5,2024-06-20 16:34:50
"126","peter",0,21.39,2024-06-21 15:38:20
"127","peter",0.25,21.38,2024-06-21 15:38:50
"128","peter",0.5,21.31,2024-06-21 15:39:20
"129","peter",0.75,21.18,2024-06-21 15:39:50
"130","peter",1,21.12,2024-06-21 15:40:20
"131","peter",1.25,21.06,2024-06-21 15:40:50
"132","peter",1.5,20.96,2024-06-21 15:41:20
"133","peter",1.75,20.34,2024-06-21 15:41:50
"134","peter",2,19.6,2024-06-21 15:42:20
"135","peter",2.25,17.91,2024-06-21 15:42:50
"136","peter",2.5,16.79,2024-06-21 15:43:20
"137","peter",2.75,15.04,2024-06-21 15:43:50
"138","peter",3,13.43,2024-06-21 15:44:20
"139","peter",3.25,12.14,2024-06-21 15:44:50
"140","peter",3.5,10.91,2024-06-21 15:45:20
"141","peter",3.75,9.73,2024-06-21 15:45:50
"142","peter",4,8.56,2024-06-21 15:46:20
"143","peter",4.25,8.02,2024-06-21 15:46:50
"144","peter",4.5,7.37,2024-06-21 15:47:20
"145","peter",4.75,7,2024-06-21 15:47:50
"146","peter",5,6.48,2024-06-21 15:48:20
"147","peter",5.25,6.02,2024-06-21 15:48:50
"148","peter",5.5,5.42,2024-06-21 15:49:20
"149","peter",5.75,5,2024-06-21 15:49:50
"150","peter",6,4.9,2024-06-21 15:50:20
"151","peter",6.25,4.9,2024-06-21 15:50:50
"152","peter",6.5,4.87,2024-06-21 15:51:20
"153","peter",6.75,4.82,2024-06-21 15:51:50
"154","peter",7,4.77,2024-06-21 15:52:20
"155","peter",7.5,4.65,2024-06-21 15:52:50
"156","peter",8,4.59,2024-06-21 15:53:20
"157","peter",0,22.86,2024-06-26 14:30:20
"158","peter",0.25,22.9,2024-06-26 14:30:50
"159","peter",0.5,22.9,2024-06-26 14:31:20
"160","peter",0.75,22.85,2024-06-26 14:31:50
"161","peter",1,22.75,2024-06-26 14:32:20
"162","peter",1.25,21.94,2024-06-26 14:32:50
"163","peter",1.5,21.52,2024-06-26 14:33:20
"164","peter",1.75,20.35,2024-06-26 14:33:50
"165","peter",2,19.71,2024-06-26 14:34:20
"166","peter",2.25,18.73,2024-06-26 14:34:50
"167","peter",2.5,16.88,2024-06-26 14:35:20
"168","peter",2.75,15.3,2024-06-26 14:35:50
"169","peter",3,13.4,2024-06-26 14:36:20
"170","peter",3.25,11.86,2024-06-26 14:36:50
"171","peter",3.5,11,2024-06-26 14:37:20
"172","peter",3.75,9.99,2024-06-26 14:37:50
"173","peter",4,9.29,2024-06-26 14:38:20
"174","peter",4.25,8.15,2024-06-26 14:38:50
"175","peter",4.5,7.5,2024-06-26 14:39:20
"176","peter",4.75,6.98,2024-06-26 14:39:50
"177","peter",5,6.41,2024-06-26 14:40:20
"178","peter",5.25,5.9,2024-06-26 14:40:50
"179","peter",5.5,5.47,2024-06-26 14:41:20
"180","peter",5.75,5.19,2024-06-26 14:41:50
"181","peter",6,5.05,2024-06-26 14:42:20
"182","peter",6.25,4.96,2024-06-26 14:42:50
"183","peter",6.5,4.84,2024-06-26 14:43:20
"184","peter",6.75,4.78,2024-06-26 14:43:50
"185","peter",7,4.73,2024-06-26 14:44:20
"186","peter",7.5,4.64,2024-06-26 14:44:50
"187","peter",8,4.56,2024-06-26 14:45:20
"188","peter",0,20.83,2024-06-28 15:13:20
"189","peter",0.25,20.85,2024-06-28 15:13:50
"190","peter",0.5,20.86,2024-06-28 15:14:20
"191","peter",0.75,20.85,2024-06-28 15:14:50
"192","peter",1,20.85,2024-06-28 15:15:20
"193","peter",1.25,20.84,2024-06-28 15:15:50
"194","peter",1.5,20.84,2024-06-28 15:16:20
"195","peter",1.75,20.83,2024-06-28 15:16:50
"196","peter",2,19.95,2024-06-28 15:17:20
"197","peter",2.25,18.55,2024-06-28 15:17:50
"198","peter",2.5,17.22,2024-06-28 15:18:20
"199","peter",2.75,15.03,2024-06-28 15:18:50
"200","peter",3,13.71,2024-06-28 15:19:20
"201","peter",3.25,12.62,2024-06-28 15:19:50
"202","peter",3.5,11.05,2024-06-28 15:20:20
"203","peter",3.75,10,2024-06-28 15:20:50
"204","peter",4,9.13,2024-06-28 15:21:20
"205","peter",4.25,8.33,2024-06-28 15:21:50
"206","peter",4.5,7.6,2024-06-28 15:22:20
"207","peter",4.75,6.83,2024-06-28 15:22:50
"208","peter",5,6.3,2024-06-28 15:23:20
"209","peter",5.25,5.87,2024-06-28 15:23:50
"210","peter",5.5,5.35,2024-06-28 15:24:20
"211","peter",5.75,5.15,2024-06-28 15:24:50
"212","peter",6,5.11,2024-06-28 15:25:20
"213","peter",6.25,4.93,2024-06-28 15:25:50
"214","peter",6.5,4.86,2024-06-28 15:26:20
"215","peter",6.75,4.79,2024-06-28 15:26:50
"216","peter",7,4.74,2024-06-28 15:27:20
"217","peter",7.5,4.64,2024-06-28 15:27:50
"218","peter",8,4.56,2024-06-28 15:28:20
"219","peter",0,22.8,2024-07-01 14:24:20
"220","peter",0.25,22.76,2024-07-01 14:24:50
"221","peter",0.5,22.73,2024-07-01 14:25:20
"222","peter",0.75,22.55,2024-07-01 14:25:50
"223","peter",1,21.48,2024-07-01 14:26:20
"224","peter",1.25,20.96,2024-07-01 14:26:50
"225","peter",1.5,20.73,2024-07-01 14:27:20
"226","peter",1.75,20.47,2024-07-01 14:27:50
"227","peter",2,19.88,2024-07-01 14:28:20
"228","peter",2.25,18.56,2024-07-01 14:28:50
"229","peter",2.5,16.85,2024-07-01 14:29:20
"230","peter",2.75,16.06,2024-07-01 14:29:50
"231","peter",3,14.19,2024-07-01 14:30:20
"232","peter",3.25,12.64,2024-07-01 14:30:50
"233","peter",3.5,11.13,2024-07-01 14:31:20
"234","peter",3.75,10,2024-07-01 14:31:50
"235","peter",4,9.03,2024-07-01 14:32:20
"236","peter",4.25,8.34,2024-07-01 14:32:50
"237","peter",4.5,7.6,2024-07-01 14:33:20
"238","peter",4.75,6.9,2024-07-01 14:33:50
"239","peter",5,6.72,2024-07-01 14:34:20
"240","peter",5.25,6.17,2024-07-01 14:34:50
"241","peter",5.5,5.7,2024-07-01 14:35:20
"242","peter",5.75,5.42,2024-07-01 14:35:50
"243","peter",6,5.25,2024-07-01 14:36:20
"244","peter",6.25,5.04,2024-07-01 14:36:50
"245","peter",6.5,4.94,2024-07-01 14:37:20
"246","peter",6.75,4.87,2024-07-01 14:37:50
"247","peter",7,4.82,2024-07-01 14:38:20
"248","peter",7.5,4.68,2024-07-01 14:38:50
"249","peter",8,4.6,2024-07-01 14:39:20
"250","peter",0,22.61,2024-07-03 13:58:20
"251","peter",0.25,22.59,2024-07-03 13:58:50
"252","peter",0.5,22.57,2024-07-03 13:59:20
"253","peter",0.75,21.19,2024-07-03 13:59:50
"254","peter",1,20.43,2024-07-03 14:00:20
"255","peter",1.25,20.23,2024-07-03 14:00:50
"256","peter",1.5,20.06,2024-07-03 14:01:20
"257","peter",1.75,19.96,2024-07-03 14:01:50
"258","peter",2,19.77,2024-07-03 14:02:20
"259","peter",2.25,18.92,2024-07-03 14:02:50
"260","peter",2.5,17.22,2024-07-03 14:03:20
"261","peter",2.75,15.46,2024-07-03 14:03:50
"262","peter",3,14.56,2024-07-03 14:04:20
"263","peter",3.25,12.47,2024-07-03 14:04:50
"264","peter",3.5,11.17,2024-07-03 14:05:20
"265","peter",3.75,9.75,2024-07-03 14:05:50
"266","peter",4,8.93,2024-07-03 14:06:20
"267","peter",4.25,8.11,2024-07-03 14:06:50
"268","peter",4.5,7.36,2024-07-03 14:07:20
"269","peter",4.75,6.76,2024-07-03 14:07:50
"270","peter",5,6.37,2024-07-03 14:08:20
"271","peter",5.25,5.99,2024-07-03 14:08:50
"272","peter",5.5,5.5,2024-07-03 14:09:20
"273","peter",5.75,5.32,2024-07-03 14:09:50
"274","peter",6,5.18,2024-07-03 14:10:20
"275","peter",6.25,5.02,2024-07-03 14:10:50
"276","peter",6.5,4.89,2024-07-03 14:11:20
"277","peter",6.75,4.83,2024-07-03 14:11:50
"278","peter",7,4.75,2024-07-03 14:12:20
"279","peter",7.5,4.66,2024-07-03 14:12:50
"280","peter",8,4.58,2024-07-03 14:13:20
"281","peter",0,22.48,2024-07-05 12:59:20
"282","peter",0.25,22.33,2024-07-05 12:59:50
"283","peter",0.5,22.34,2024-07-05 13:00:20
"284","peter",0.75,21.83,2024-07-05 13:00:50
"285","peter",1,21.67,2024-07-05 13:01:20
"286","peter",1.25,21.47,2024-07-05 13:01:50
"287","peter",1.5,20.72,2024-07-05 13:02:20
"288","peter",1.75,20.42,2024-07-05 13:02:50
"289","peter",2,19.76,2024-07-05 13:03:20
"290","peter",2.25,18.95,2024-07-05 13:03:50
"291","peter",2.5,17.28,2024-07-05 13:04:20
"292","peter",2.75,15.57,2024-07-05 13:04:50
"293","peter",3,14.25,2024-07-05 13:05:20
"294","peter",3.25,12.78,2024-07-05 13:05:50
"295","peter",3.5,11.41,2024-07-05 13:06:20
"296","peter",3.75,10.51,2024-07-05 13:06:50
"297","peter",4,9.52,2024-07-05 13:07:20
"298","peter",4.25,8.31,2024-07-05 13:07:50
"299","peter",4.5,7.69,2024-07-05 13:08:20
"300","peter",4.75,7,2024-07-05 13:08:50
"301","peter",5,6.41,2024-07-05 13:09:20
"302","peter",5.25,6,2024-07-05 13:09:50
"303","peter",5.5,5.75,2024-07-05 13:10:20
"304","peter",5.75,5.38,2024-07-05 13:10:50
"305","peter",6,5.18,2024-07-05 13:11:20
"306","peter",6.25,5.07,2024-07-05 13:11:50
"307","peter",6.5,4.92,2024-07-05 13:12:20
"308","peter",6.75,4.85,2024-07-05 13:12:50
"309","peter",7,4.77,2024-07-05 13:13:20
"310","peter",7.5,4.68,2024-07-05 13:13:50
"311","peter",8,4.59,2024-07-05 13:14:20
"312","peter",0,24.35,2024-07-08 16:45:20
"313","peter",0.25,24.35,2024-07-08 16:45:50
"314","peter",0.5,22.97,2024-07-08 16:46:20
"315","peter",0.75,22.56,2024-07-08 16:46:50
"316","peter",1,22.25,2024-07-08 16:47:20
"317","peter",1.25,22.1,2024-07-08 16:47:50
"318","peter",1.5,21.84,2024-07-08 16:48:20
"319","peter",1.75,21.24,2024-07-08 16:48:50
"320","peter",2,20.28,2024-07-08 16:49:20
"321","peter",2.25,19.32,2024-07-08 16:49:50
"322","peter",2.5,18.36,2024-07-08 16:50:20
"323","peter",2.75,16.36,2024-07-08 16:50:50
"324","peter",3,14.2,2024-07-08 16:51:20
"325","peter",3.25,12.84,2024-07-08 16:51:50
"326","peter",3.5,12.08,2024-07-08 16:52:20
"327","peter",3.75,10.7,2024-07-08 16:52:50
"328","peter",4,9.47,2024-07-08 16:53:20
"329","peter",4.25,8.63,2024-07-08 16:53:50
"330","peter",4.5,7.88,2024-07-08 16:54:20
"331","peter",4.75,7.33,2024-07-08 16:54:50
"332","peter",5,6.71,2024-07-08 16:55:20
"333","peter",5.25,6.1,2024-07-08 16:55:50
"334","peter",5.5,5.89,2024-07-08 16:56:20
"335","peter",5.75,5.58,2024-07-08 16:56:50
"336","peter",6,5.42,2024-07-08 16:57:20
"337","peter",6.25,5.16,2024-07-08 16:57:50
"338","peter",6.5,5.04,2024-07-08 16:58:20
"339","peter",6.75,4.91,2024-07-08 16:58:50
"340","peter",7,4.87,2024-07-08 16:59:20
"341","peter",7.5,4.73,2024-07-08 16:59:50
"342","peter",8,4.62,2024-07-08 17:00:20
"343","peter",0,25.44,2024-07-10 13:33:20
"344","peter",0.25,25.56,2024-07-10 13:33:50
"345","peter",0.5,25.19,2024-07-10 13:34:20
"346","peter",0.75,24.12,2024-07-10 13:34:50
"347","peter",1,23.6,2024-07-10 13:35:20
"348","peter",1.25,22.89,2024-07-10 13:35:50
"349","peter",1.5,22.11,2024-07-10 13:36:20
"350","peter",1.75,21.5,2024-07-10 13:36:50
"351","peter",2,20.75,2024-07-10 13:37:20
"352","peter",2.25,19.54,2024-07-10 13:37:50
"353","peter",2.5,17.91,2024-07-10 13:38:20
"354","peter",2.75,16.61,2024-07-10 13:38:50
"355","peter",3,14.86,2024-07-10 13:39:20
"356","peter",3.25,13.24,2024-07-10 13:39:50
"357","peter",3.5,11.8,2024-07-10 13:40:20
"358","peter",3.75,11.06,2024-07-10 13:40:50
"359","peter",4,9.95,2024-07-10 13:41:20
"360","peter",4.25,9.1,2024-07-10 13:41:50
"361","peter",4.5,8.3,2024-07-10 13:42:20
"362","peter",4.75,7.71,2024-07-10 13:42:50
"363","peter",5,7.1,2024-07-10 13:43:20
"364","peter",5.25,6.36,2024-07-10 13:43:50
"365","peter",5.5,5.83,2024-07-10 13:44:20
"366","peter",5.75,5.56,2024-07-10 13:44:50
"367","peter",6,5.26,2024-07-10 13:45:20
"368","peter",6.25,5.13,2024-07-10 13:45:50
"369","peter",6.5,4.96,2024-07-10 13:46:20
"370","peter",6.75,4.79,2024-07-10 13:46:50
"371","peter",7,4.72,2024-07-10 13:47:20
"372","peter",7.5,4.65,2024-07-10 13:47:50
"373","peter",8,4.57,2024-07-10 13:48:20
"374","peter",0,27.85,2024-07-12 15:51:20
"375","peter",0.25,27.79,2024-07-12 15:51:50
"376","peter",0.5,26.89,2024-07-12 15:52:20
"377","peter",0.75,25.43,2024-07-12 15:52:50
"378","peter",1,25,2024-07-12 15:53:20
"379","peter",1.25,24.31,2024-07-12 15:53:50
"380","peter",1.5,23,2024-07-12 15:54:20
"381","peter",1.75,21.86,2024-07-12 15:54:50
"382","peter",2,20.52,2024-07-12 15:55:20
"383","peter",2.25,19.48,2024-07-12 15:55:50
"384","peter",2.5,17.71,2024-07-12 15:56:20
"385","peter",2.75,16.42,2024-07-12 15:56:50
"386","peter",3,15.1,2024-07-12 15:57:20
"387","peter",3.25,13.27,2024-07-12 15:57:50
"388","peter",3.5,11.97,2024-07-12 15:58:20
"389","peter",3.75,10.42,2024-07-12 15:58:50
"390","peter",4,9.56,2024-07-12 15:59:20
"391","peter",4.25,8.65,2024-07-12 15:59:50
"392","peter",4.5,7.98,2024-07-12 16:00:20
"393","peter",4.75,7.37,2024-07-12 16:00:50
"394","peter",5,7.05,2024-07-12 16:01:20
"395","peter",5.25,6.55,2024-07-12 16:01:50
"396","peter",5.5,5.97,2024-07-12 16:02:20
"397","peter",5.75,5.68,2024-07-12 16:02:50
"398","peter",6,5.47,2024-07-12 16:03:20
"399","peter",6.25,5.23,2024-07-12 16:03:50
"400","peter",6.5,5.04,2024-07-12 16:04:20
"401","peter",6.75,4.92,2024-07-12 16:04:50
"402","peter",7,4.8,2024-07-12 16:05:20
"403","peter",7.5,4.74,2024-07-12 16:05:50
"404","peter",8,4.64,2024-07-12 16:06:20
"405","peter",0,28.05,2024-07-15 14:53:20
"406","peter",0.25,28.13,2024-07-15 14:53:50
"407","peter",0.5,27.47,2024-07-15 14:54:20
"408","peter",0.75,26.17,2024-07-15 14:54:50
"409","peter",1,25.45,2024-07-15 14:55:20
"410","peter",1.25,25.06,2024-07-15 14:55:50
"411","peter",1.5,23.87,2024-07-15 14:56:20
"412","peter",1.75,22.8,2024-07-15 14:56:50
"413","peter",2,21.58,2024-07-15 14:57:20
"414","peter",2.25,19.87,2024-07-15 14:57:50
"415","peter",2.5,18.13,2024-07-15 14:58:20
"416","peter",2.75,16.62,2024-07-15 14:58:50
"417","peter",3,15.65,2024-07-15 14:59:20
"418","peter",3.25,13.61,2024-07-15 14:59:50
"419","peter",3.5,12.5,2024-07-15 15:00:20
"420","peter",3.75,10.92,2024-07-15 15:00:50
"421","peter",4,9.37,2024-07-15 15:01:20
"422","peter",4.25,9.14,2024-07-15 15:01:50
"423","peter",4.5,8.15,2024-07-15 15:02:20
"424","peter",4.75,7.49,2024-07-15 15:02:50
"425","peter",5,7.02,2024-07-15 15:03:20
"426","peter",5.25,6.4,2024-07-15 15:03:50
"427","peter",5.5,6.05,2024-07-15 15:04:20
"428","peter",5.75,5.65,2024-07-15 15:04:50
"429","peter",6,5.5,2024-07-15 15:05:20
"430","peter",6.25,5.25,2024-07-15 15:05:50
"431","peter",6.5,5.09,2024-07-15 15:06:20
"432","peter",6.75,4.95,2024-07-15 15:06:50
"433","peter",7,4.86,2024-07-15 15:07:20
"434","peter",7.5,4.71,2024-07-15 15:07:50
"435","peter",8,4.61,2024-07-15 15:08:20
"436","peter",0,23.29,2024-07-17 13:51:20
"437","peter",0.25,23.41,2024-07-17 13:51:50
"438","peter",0.5,23.39,2024-07-17 13:52:20
"439","peter",0.75,23.41,2024-07-17 13:52:50
"440","peter",1,23.4,2024-07-17 13:53:20
"441","peter",1.25,23.39,2024-07-17 13:53:50
"442","peter",1.5,23.33,2024-07-17 13:54:20
"443","peter",1.75,22.73,2024-07-17 13:54:50
"444","peter",2,21.06,2024-07-17 13:55:20
"445","peter",2.25,19.31,2024-07-17 13:55:50
"446","peter",2.5,17.75,2024-07-17 13:56:20
"447","peter",2.75,16.49,2024-07-17 13:56:50
"448","peter",3,14.46,2024-07-17 13:57:20
"449","peter",3.25,13.42,2024-07-17 13:57:50
"450","peter",3.5,11.87,2024-07-17 13:58:20
"451","peter",3.75,10.74,2024-07-17 13:58:50
"452","peter",4,9.74,2024-07-17 13:59:20
"453","peter",4.25,8.93,2024-07-17 13:59:50
"454","peter",4.5,7.95,2024-07-17 14:00:20
"455","peter",4.75,7.16,2024-07-17 14:00:50
"456","peter",5,6.65,2024-07-17 14:01:20
"457","peter",5.25,6.29,2024-07-17 14:01:50
"458","peter",5.5,5.89,2024-07-17 14:02:20
"459","peter",5.75,5.69,2024-07-17 14:02:50
"460","peter",6,5.4,2024-07-17 14:03:20
"461","peter",6.25,5.17,2024-07-17 14:03:50
"462","peter",6.5,5.04,2024-07-17 14:04:20
"463","peter",6.75,4.94,2024-07-17 14:04:50
"464","peter",7,4.87,2024-07-17 14:05:20
"465","peter",7.5,4.71,2024-07-17 14:05:50
"466","peter",8,4.65,2024-07-17 14:06:20
"467","peter",0,23.84,2024-07-19 14:51:20
"468","peter",0.25,23.02,2024-07-19 14:51:50
"469","peter",0.5,22.66,2024-07-19 14:52:20
"470","peter",0.75,22.47,2024-07-19 14:52:50
"471","peter",1,22.29,2024-07-19 14:53:20
"472","peter",1.25,22.04,2024-07-19 14:53:50
"473","peter",1.5,21.17,2024-07-19 14:54:20
"474","peter",1.75,19.72,2024-07-19 14:54:50
"475","peter",2,18.34,2024-07-19 14:55:20
"476","peter",2.25,16.14,2024-07-19 14:55:50
"477","peter",2.5,14.71,2024-07-19 14:56:20
"478","peter",2.75,13.5,2024-07-19 14:56:50
"479","peter",3,11.92,2024-07-19 14:57:20
"480","peter",3.25,10.53,2024-07-19 14:57:50
"481","peter",3.5,9.17,2024-07-19 14:58:20
"482","peter",3.75,8.53,2024-07-19 14:58:50
"483","peter",4,7.96,2024-07-19 14:59:20
"484","peter",4.25,7.43,2024-07-19 14:59:50
"485","peter",4.5,6.92,2024-07-19 15:00:20
"486","peter",4.75,6.6,2024-07-19 15:00:50
"487","peter",5,6.15,2024-07-19 15:01:20
"488","peter",5.25,5.88,2024-07-19 15:01:50
"489","peter",5.5,5.59,2024-07-19 15:02:20
"490","peter",5.75,5.22,2024-07-19 15:02:50
"491","peter",6,5.12,2024-07-19 15:03:20
"492","peter",6.25,5.01,2024-07-19 15:03:50
"493","peter",6.5,4.91,2024-07-19 15:04:20
"494","peter",6.75,4.82,2024-07-19 15:04:50
"495","peter",7,4.66,2024-07-19 15:05:20
"496","peter",7.5,4.85,2024-07-19 15:05:50
"497","peter",8,5.27,2024-07-19 15:06:20
"498","peter",0,26.22,2024-07-22 14:07:20
"499","peter",0.25,25.8,2024-07-22 14:07:50
"500","peter",0.5,25.09,2024-07-22 14:08:20
"501","peter",0.75,23.94,2024-07-22 14:08:50
"502","peter",1,23.59,2024-07-22 14:09:20
"503","peter",1.25,23.32,2024-07-22 14:09:50
"504","peter",1.5,22.83,2024-07-22 14:10:20
"505","peter",1.75,22.02,2024-07-22 14:10:50
"506","peter",2,21.12,2024-07-22 14:11:20
"507","peter",2.25,19.83,2024-07-22 14:11:50
"508","peter",2.5,18.25,2024-07-22 14:12:20
"509","peter",2.75,16.46,2024-07-22 14:12:50
"510","peter",3,14.93,2024-07-22 14:13:20
"511","peter",3.25,13.71,2024-07-22 14:13:50
"512","peter",3.5,12.19,2024-07-22 14:14:20
"513","peter",3.75,11.13,2024-07-22 14:14:50
"514","peter",4,10.06,2024-07-22 14:15:20
"515","peter",4.25,9.12,2024-07-22 14:15:50
"516","peter",4.5,8.27,2024-07-22 14:16:20
"517","peter",4.75,7.65,2024-07-22 14:16:50
"518","peter",5,6.94,2024-07-22 14:17:20
"519","peter",5.25,6.54,2024-07-22 14:17:50
"520","peter",5.5,6.2,2024-07-22 14:18:20
"521","peter",5.75,5.78,2024-07-22 14:18:50
"522","peter",6,5.5,2024-07-22 14:19:20
"523","peter",6.25,5.29,2024-07-22 14:19:50
"524","peter",6.5,5.16,2024-07-22 14:20:20
"525","peter",6.75,4.96,2024-07-22 14:20:50
"526","peter",7,4.86,2024-07-22 14:21:20
"527","peter",7.5,4.75,2024-07-22 14:21:50
"528","peter",8,4.65,2024-07-22 14:22:20
"529","peter",0,24.14,2024-07-24 13:41:20
"530","peter",0.25,24.08,2024-07-24 13:41:50
"531","peter",0.5,23.86,2024-07-24 13:42:20
"532","peter",0.75,23.25,2024-07-24 13:42:50
"533","peter",1,22.71,2024-07-24 13:43:20
"534","peter",1.25,22.38,2024-07-24 13:43:50
"535","peter",1.5,22.28,2024-07-24 13:44:20
"536","peter",1.75,22.17,2024-07-24 13:44:50
"537","peter",2,21.6,2024-07-24 13:45:20
"538","peter",2.25,19.48,2024-07-24 13:45:50
"539","peter",2.5,18.33,2024-07-24 13:46:20
"540","peter",2.75,16.53,2024-07-24 13:46:50
"541","peter",3,14.71,2024-07-24 13:47:20
"542","peter",3.25,13.71,2024-07-24 13:47:50
"543","peter",3.5,12.54,2024-07-24 13:48:20
"544","peter",3.75,11,2024-07-24 13:48:50
"545","peter",4,9.87,2024-07-24 13:49:20
"546","peter",4.25,9,2024-07-24 13:49:50
"547","peter",4.5,8.05,2024-07-24 13:50:20
"548","peter",4.75,7.46,2024-07-24 13:50:50
"549","peter",5,6.89,2024-07-24 13:51:20
"550","peter",5.25,6.46,2024-07-24 13:51:50
"551","peter",5.5,5.99,2024-07-24 13:52:20
"552","peter",5.75,5.84,2024-07-24 13:52:50
"553","peter",6,5.49,2024-07-24 13:53:20
"554","peter",6.25,5.23,2024-07-24 13:53:50
"555","peter",6.5,5.07,2024-07-24 13:54:20
"556","peter",6.75,5.03,2024-07-24 13:54:50
"557","peter",7,4.9,2024-07-24 13:55:20
"558","peter",7.5,4.74,2024-07-24 13:55:50
"559","peter",8,4.67,2024-07-24 13:56:20
"560","peter",0,25.78,2024-07-26 16:00:20
"561","peter",0.25,25.74,2024-07-26 16:00:50
"562","peter",0.5,25.22,2024-07-26 16:01:20
"563","peter",0.75,23.99,2024-07-26 16:01:50
"564","peter",1,23.53,2024-07-26 16:02:20
"565","peter",1.25,22.85,2024-07-26 16:02:50
"566","peter",1.5,22.68,2024-07-26 16:03:20
"567","peter",1.75,22.08,2024-07-26 16:03:50
"568","peter",2,21.19,2024-07-26 16:04:20
"569","peter",2.25,20.23,2024-07-26 16:04:50
"570","peter",2.5,17.66,2024-07-26 16:05:20
"571","peter",2.75,16.34,2024-07-26 16:05:50
"572","peter",3,14.87,2024-07-26 16:06:20
"573","peter",3.25,13.84,2024-07-26 16:06:50
"574","peter",3.5,12.25,2024-07-26 16:07:20
"575","peter",3.75,10.92,2024-07-26 16:07:50
"576","peter",4,9.63,2024-07-26 16:08:20
"577","peter",4.25,8.69,2024-07-26 16:08:50
"578","peter",4.5,7.84,2024-07-26 16:09:20
"579","peter",4.75,7.3,2024-07-26 16:09:50
"580","peter",5,6.94,2024-07-26 16:10:20
"581","peter",5.25,6.4,2024-07-26 16:10:50
"582","peter",5.5,5.87,2024-07-26 16:11:20
"583","peter",5.75,5.59,2024-07-26 16:11:50
"584","peter",6,5.37,2024-07-26 16:12:20
"585","peter",6.25,5.23,2024-07-26 16:12:50
"586","peter",6.5,5.1,2024-07-26 16:13:20
"587","peter",6.75,5.02,2024-07-26 16:13:50
"588","peter",7,4.87,2024-07-26 16:14:20
"589","peter",7.5,4.73,2024-07-26 16:14:50
"590","peter",8,4.67,2024-07-26 16:15:20
"591","peter",0,26.92,2024-07-29 14:40:20
"592","peter",0.25,26.86,2024-07-29 14:40:50
"593","peter",0.5,26.57,2024-07-29 14:41:20
"594","peter",0.75,25.81,2024-07-29 14:41:50
"595","peter",1,25.2,2024-07-29 14:42:20
"596","peter",1.25,24.31,2024-07-29 14:42:50
"597","peter",1.5,23.43,2024-07-29 14:43:20
"598","peter",1.75,22.48,2024-07-29 14:43:50
"599","peter",2,21.06,2024-07-29 14:44:20
"600","peter",2.25,19.77,2024-07-29 14:44:50
"601","peter",2.5,18.33,2024-07-29 14:45:20
"602","peter",2.75,17.31,2024-07-29 14:45:50
"603","peter",3,14.88,2024-07-29 14:46:20
"604","peter",3.25,13.6,2024-07-29 14:46:50
"605","peter",3.5,12.13,2024-07-29 14:47:20
"606","peter",3.75,11.09,2024-07-29 14:47:50
"607","peter",4,10.01,2024-07-29 14:48:20
"608","peter",4.25,9.01,2024-07-29 14:48:50
"609","peter",4.5,8.32,2024-07-29 14:49:20
"610","peter",4.75,7.63,2024-07-29 14:49:50
"611","peter",5,6.96,2024-07-29 14:50:20
"612","peter",5.25,6.47,2024-07-29 14:50:50
"613","peter",5.5,6.16,2024-07-29 14:51:20
"614","peter",5.75,5.85,2024-07-29 14:51:50
"615","peter",6,5.65,2024-07-29 14:52:20
"616","peter",6.25,5.43,2024-07-29 14:52:50
"617","peter",6.5,5.13,2024-07-29 14:53:20
"618","peter",6.75,5.09,2024-07-29 14:53:50
"619","peter",7,4.87,2024-07-29 14:54:20
"620","peter",7.5,4.89,2024-07-29 14:54:50
"621","peter",8,4.71,2024-07-29 14:55:20
"622","peter",0,27.83,2024-07-31 13:44:20
"623","peter",0.25,26.98,2024-07-31 13:44:50
"624","peter",0.5,25.86,2024-07-31 13:45:20
"625","peter",0.75,25.29,2024-07-31 13:45:50
"626","peter",1,24.81,2024-07-31 13:46:20
"627","peter",1.25,24.53,2024-07-31 13:46:50
"628","peter",1.5,24.19,2024-07-31 13:47:20
"629","peter",1.75,22.71,2024-07-31 13:47:50
"630","peter",2,21.31,2024-07-31 13:48:20
"631","peter",2.25,20.24,2024-07-31 13:48:50
"632","peter",2.5,18.62,2024-07-31 13:49:20
"633","peter",2.75,16.91,2024-07-31 13:49:50
"634","peter",3,15.23,2024-07-31 13:50:20
"635","peter",3.25,13.79,2024-07-31 13:50:50
"636","peter",3.5,12.41,2024-07-31 13:51:20
"637","peter",3.75,11.24,2024-07-31 13:51:50
"638","peter",4,10.22,2024-07-31 13:52:20
"639","peter",4.25,9.01,2024-07-31 13:52:50
"640","peter",4.5,8.23,2024-07-31 13:53:20
"641","peter",4.75,7.7,2024-07-31 13:53:50
"642","peter",5,7,2024-07-31 13:54:20
"643","peter",5.25,6.42,2024-07-31 13:54:50
"644","peter",5.5,6.12,2024-07-31 13:55:20
"645","peter",5.75,5.93,2024-07-31 13:55:50
"646","peter",6,5.73,2024-07-31 13:56:20
"647","peter",6.25,5.4,2024-07-31 13:56:50
"648","peter",6.5,5.29,2024-07-31 13:57:20
"649","peter",6.75,5.14,2024-07-31 13:57:50
"650","peter",7,5.02,2024-07-31 13:58:20
"651","peter",7.5,4.82,2024-07-31 13:58:50
"652","peter",8,4.77,2024-07-31 13:59:20
"653","peter",0,25.8,2024-08-02 10:52:20
"654","peter",0.25,25.79,2024-08-02 10:52:50
"655","peter",0.5,25.24,2024-08-02 10:53:20
"656","peter",0.75,24.94,2024-08-02 10:53:50
"657","peter",1,24.73,2024-08-02 10:54:20
"658","peter",1.25,24.51,2024-08-02 10:54:50
"659","peter",1.5,23.78,2024-08-02 10:55:20
"660","peter",1.75,22.92,2024-08-02 10:55:50
"661","peter",2,21.78,2024-08-02 10:56:20
"662","peter",2.25,19.93,2024-08-02 10:56:50
"663","peter",2.5,18.41,2024-08-02 10:57:20
"664","peter",2.75,16.71,2024-08-02 10:57:50
"665","peter",3,15.48,2024-08-02 10:58:20
"666","peter",3.25,13.85,2024-08-02 10:58:50
"667","peter",3.5,12.89,2024-08-02 10:59:20
"668","peter",3.75,10.8,2024-08-02 10:59:50
"669","peter",4,9.94,2024-08-02 11:00:20
"670","peter",4.25,9.03,2024-08-02 11:00:50
"671","peter",4.5,8.1,2024-08-02 11:01:20
"672","peter",4.75,7.49,2024-08-02 11:01:50
"673","peter",5,6.88,2024-08-02 11:02:20
"674","peter",5.25,6.51,2024-08-02 11:02:50
"675","peter",5.5,6.2,2024-08-02 11:03:20
"676","peter",5.75,5.83,2024-08-02 11:03:50
"677","peter",6,5.5,2024-08-02 11:04:20
"678","peter",6.25,5.34,2024-08-02 11:04:50
"679","peter",6.5,5.17,2024-08-02 11:05:20
"680","peter",6.75,5.03,2024-08-02 11:05:50
"681","peter",7,4.96,2024-08-02 11:06:20
"682","peter",7.5,4.82,2024-08-02 11:06:50
"683","peter",8,4.71,2024-08-02 11:07:20
"684","peter",0,24.58,2024-08-05 15:58:20
"685","peter",0.25,24.58,2024-08-05 15:58:50
"686","peter",0.5,24.6,2024-08-05 15:59:20
"687","peter",0.75,24.59,2024-08-05 15:59:50
"688","peter",1,24.27,2024-08-05 16:00:20
"689","peter",1.25,24.15,2024-08-05 16:00:50
"690","peter",1.5,24.01,2024-08-05 16:01:20
"691","peter",1.75,22.94,2024-08-05 16:01:50
"692","peter",2,21.78,2024-08-05 16:02:20
"693","peter",2.25,19.88,2024-08-05 16:02:50
"694","peter",2.5,18.17,2024-08-05 16:03:20
"695","peter",2.75,16.83,2024-08-05 16:03:50
"696","peter",3,14.94,2024-08-05 16:04:20
"697","peter",3.25,13.7,2024-08-05 16:04:50
"698","peter",3.5,12.62,2024-08-05 16:05:20
"699","peter",3.75,10.96,2024-08-05 16:05:50
"700","peter",4,10.25,2024-08-05 16:06:20
"701","peter",4.25,9.21,2024-08-05 16:06:50
"702","peter",4.5,8.22,2024-08-05 16:07:20
"703","peter",4.75,7.89,2024-08-05 16:07:50
"704","peter",5,7.1,2024-08-05 16:08:20
"705","peter",5.25,6.63,2024-08-05 16:08:50
"706","peter",5.5,6.15,2024-08-05 16:09:20
"707","peter",5.75,5.88,2024-08-05 16:09:50
"708","peter",6,5.58,2024-08-05 16:10:20
"709","peter",6.25,5.41,2024-08-05 16:10:50
"710","peter",6.5,5.21,2024-08-05 16:11:20
"711","peter",6.75,5.11,2024-08-05 16:11:50
"712","peter",7,4.96,2024-08-05 16:12:20
"713","peter",7.5,4.8,2024-08-05 16:12:50
"714","peter",8,4.73,2024-08-05 16:13:20
"715","peter",0,23.25,2024-08-07 13:40:20
"716","peter",0.25,23.22,2024-08-07 13:40:50
"717","peter",0.5,23.11,2024-08-07 13:41:20
"718","peter",0.75,22.97,2024-08-07 13:41:50
"719","peter",1,22.77,2024-08-07 13:42:20
"720","peter",1.25,22.7,2024-08-07 13:42:50
"721","peter",1.5,22.6,2024-08-07 13:43:20
"722","peter",1.75,22.45,2024-08-07 13:43:50
"723","peter",2,22.19,2024-08-07 13:44:20
"724","peter",2.25,20.33,2024-08-07 13:44:50
"725","peter",2.5,18.83,2024-08-07 13:45:20
"726","peter",2.75,16.9,2024-08-07 13:45:50
"727","peter",3,15.23,2024-08-07 13:46:20
"728","peter",3.25,13.56,2024-08-07 13:46:50
"729","peter",3.5,12.36,2024-08-07 13:47:20
"730","peter",3.75,11.46,2024-08-07 13:47:50
"731","peter",4,10.37,2024-08-07 13:48:20
"732","peter",4.25,9.23,2024-08-07 13:48:50
"733","peter",4.5,8.21,2024-08-07 13:49:20
"734","peter",4.75,7.4,2024-08-07 13:49:50
"735","peter",5,7.14,2024-08-07 13:50:20
"736","peter",5.25,6.58,2024-08-07 13:50:50
"737","peter",5.5,6.12,2024-08-07 13:51:20
"738","peter",5.75,5.84,2024-08-07 13:51:50
"739","peter",6,5.8,2024-08-07 13:52:20
"740","peter",6.25,5.37,2024-08-07 13:52:50
"741","peter",6.5,5.2,2024-08-07 13:53:20
"742","peter",6.75,5.1,2024-08-07 13:53:50
"743","peter",7,4.97,2024-08-07 13:54:20
"744","peter",7.5,4.82,2024-08-07 13:54:50
"745","peter",8,4.73,2024-08-07 13:55:20
"746","peter",0,21.43,2024-08-09 14:30:20
"747","peter",0.25,21.45,2024-08-09 14:30:50
"748","peter",0.5,21.45,2024-08-09 14:31:20
"749","peter",0.75,21.46,2024-08-09 14:31:50
"750","peter",1,21.44,2024-08-09 14:32:20
"751","peter",1.25,21.44,2024-08-09 14:32:50
"752","peter",1.5,21.42,2024-08-09 14:33:20
"753","peter",1.75,21.31,2024-08-09 14:33:50
"754","peter",2,21.14,2024-08-09 14:34:20
"755","peter",2.25,20.52,2024-08-09 14:34:50
"756","peter",2.5,18.99,2024-08-09 14:35:20
"757","peter",2.75,16.76,2024-08-09 14:35:50
"758","peter",3,15.32,2024-08-09 14:36:20
"759","peter",3.25,13.98,2024-08-09 14:36:50
"760","peter",3.5,12.31,2024-08-09 14:37:20
"761","peter",3.75,11.33,2024-08-09 14:37:50
"762","peter",4,10.04,2024-08-09 14:38:20
"763","peter",4.25,9.3,2024-08-09 14:38:50
"764","peter",4.5,8.26,2024-08-09 14:39:20
"765","peter",4.75,7.41,2024-08-09 14:39:50
"766","peter",5,6.93,2024-08-09 14:40:20
"767","peter",5.25,6.46,2024-08-09 14:40:50
"768","peter",5.5,6.1,2024-08-09 14:41:20
"769","peter",5.75,5.89,2024-08-09 14:41:50
"770","peter",6,5.59,2024-08-09 14:42:20
"771","peter",6.25,5.42,2024-08-09 14:42:50
"772","peter",6.5,5.18,2024-08-09 14:43:20
"773","peter",6.75,5.06,2024-08-09 14:43:50
"774","peter",7,4.93,2024-08-09 14:44:20
"775","peter",7.5,4.8,2024-08-09 14:44:50
"776","peter",8,4.71,2024-08-09 14:45:20
"777","peter",0,22.99,2024-08-12 14:04:20
"778","peter",0.25,22.48,2024-08-12 14:04:50
"779","peter",0.5,21.4,2024-08-12 14:05:20
"780","peter",0.75,20.62,2024-08-12 14:05:50
"781","peter",1,20.25,2024-08-12 14:06:20
"782","peter",1.25,20.04,2024-08-12 14:06:50
"783","peter",1.5,19.78,2024-08-12 14:07:20
"784","peter",1.75,19.53,2024-08-12 14:07:50
"785","peter",2,19.4,2024-08-12 14:08:20
"786","peter",2.25,19.16,2024-08-12 14:08:50
"787","peter",2.5,18.88,2024-08-12 14:09:20
"788","peter",2.75,17.32,2024-08-12 14:09:50
"789","peter",3,15.85,2024-08-12 14:10:20
"790","peter",3.25,14.11,2024-08-12 14:10:50
"791","peter",3.5,12.88,2024-08-12 14:11:20
"792","peter",3.75,11.43,2024-08-12 14:11:50
"793","peter",4,10.17,2024-08-12 14:12:20
"794","peter",4.25,9.12,2024-08-12 14:12:50
"795","peter",4.5,8.37,2024-08-12 14:13:20
"796","peter",4.75,7.81,2024-08-12 14:13:50
"797","peter",5,7.21,2024-08-12 14:14:20
"798","peter",5.25,6.67,2024-08-12 14:14:50
"799","peter",5.5,6.24,2024-08-12 14:15:20
"800","peter",5.75,5.84,2024-08-12 14:15:50
"801","peter",6,5.58,2024-08-12 14:16:20
"802","peter",6.25,5.39,2024-08-12 14:16:50
"803","peter",6.5,5.29,2024-08-12 14:17:20
"804","peter",6.75,5.08,2024-08-12 14:17:50
"805","peter",7,4.94,2024-08-12 14:18:20
"806","peter",7.5,4.89,2024-08-12 14:18:50
"807","peter",8,4.81,2024-08-12 14:19:20
"808","peter",0,24.6,2024-08-14 14:19:20
"809","peter",0.25,23.6,2024-08-14 14:19:50
"810","peter",0.5,23.08,2024-08-14 14:20:20
"811","peter",0.75,22.19,2024-08-14 14:20:50
"812","peter",1,21.7,2024-08-14 14:21:20
"813","peter",1.25,21.32,2024-08-14 14:21:50
"814","peter",1.5,20.74,2024-08-14 14:22:20
"815","peter",1.75,20.24,2024-08-14 14:22:50
"816","peter",2,19.75,2024-08-14 14:23:20
"817","peter",2.25,19.42,2024-08-14 14:23:50
"818","peter",2.5,18.91,2024-08-14 14:24:20
"819","peter",2.75,18.19,2024-08-14 14:24:50
"820","peter",3,15.76,2024-08-14 14:25:20
"821","peter",3.25,14.65,2024-08-14 14:25:50
"822","peter",3.5,13.03,2024-08-14 14:26:20
"823","peter",3.75,11.64,2024-08-14 14:26:50
"824","peter",4,10.29,2024-08-14 14:27:20
"825","peter",4.25,9.18,2024-08-14 14:27:50
"826","peter",4.5,8.7,2024-08-14 14:28:20
"827","peter",4.75,7.64,2024-08-14 14:28:50
"828","peter",5,7.05,2024-08-14 14:29:20
"829","peter",5.25,6.66,2024-08-14 14:29:50
"830","peter",5.5,6.33,2024-08-14 14:30:20
"831","peter",5.75,6.05,2024-08-14 14:30:50
"832","peter",6,5.79,2024-08-14 14:31:20
"833","peter",6.25,5.51,2024-08-14 14:31:50
"834","peter",6.5,5.28,2024-08-14 14:32:20
"835","peter",6.75,5.16,2024-08-14 14:32:50
"836","peter",7,5.04,2024-08-14 14:33:20
"837","peter",7.5,4.81,2024-08-14 14:33:50
"838","peter",8,4.75,2024-08-14 14:34:20
"839","peter",0,21.86,2024-08-17 15:27:20
"840","peter",0.25,21.9,2024-08-17 15:27:50
"841","peter",0.5,21.91,2024-08-17 15:28:20
"842","peter",0.75,21.9,2024-08-17 15:28:50
"843","peter",1,21.89,2024-08-17 15:29:20
"844","peter",1.25,21.75,2024-08-17 15:29:50
"845","peter",1.5,21.49,2024-08-17 15:30:20
"846","peter",1.75,20.96,2024-08-17 15:30:50
"847","peter",2,20.38,2024-08-17 15:31:20
"848","peter",2.25,19.73,2024-08-17 15:31:50
"849","peter",2.5,18.94,2024-08-17 15:32:20
"850","peter",2.75,17.83,2024-08-17 15:32:50
"851","peter",3,16.29,2024-08-17 15:33:20
"852","peter",3.25,14.16,2024-08-17 15:33:50
"853","peter",3.5,13.11,2024-08-17 15:34:20
"854","peter",3.75,12.09,2024-08-17 15:34:50
"855","peter",4,11.03,2024-08-17 15:35:20
"856","peter",4.25,9.63,2024-08-17 15:35:50
"857","peter",4.5,8.86,2024-08-17 15:36:20
"858","peter",4.75,8.05,2024-08-17 15:36:50
"859","peter",5,7.44,2024-08-17 15:37:20
"860","peter",5.25,6.82,2024-08-17 15:37:50
"861","peter",5.5,6.51,2024-08-17 15:38:20
"862","peter",5.75,6.12,2024-08-17 15:38:50
"863","peter",6,5.77,2024-08-17 15:39:20
"864","peter",6.25,5.49,2024-08-17 15:39:50
"865","peter",6.5,5.34,2024-08-17 15:40:20
"866","peter",6.75,5.17,2024-08-17 15:40:50
"867","peter",7,5.04,2024-08-17 15:41:20
"868","peter",7.5,4.91,2024-08-17 15:41:50
"869","peter",8,4.84,2024-08-17 15:42:20
"870","peter",0,22.89,2024-08-19 15:57:20
"871","peter",0.25,22.9,2024-08-19 15:57:50
"872","peter",0.5,22.87,2024-08-19 15:58:20
"873","peter",0.75,21.95,2024-08-19 15:58:50
"874","peter",1,21.61,2024-08-19 15:59:20
"875","peter",1.25,21.39,2024-08-19 15:59:50
"876","peter",1.5,21.25,2024-08-19 16:00:20
"877","peter",1.75,21.12,2024-08-19 16:00:50
"878","peter",2,20.62,2024-08-19 16:01:20
"879","peter",2.25,20.09,2024-08-19 16:01:50
"880","peter",2.5,19.04,2024-08-19 16:02:20
"881","peter",2.75,17.8,2024-08-19 16:02:50
"882","peter",3,16.3,2024-08-19 16:03:20
"883","peter",3.25,14.8,2024-08-19 16:03:50
"884","peter",3.5,13.57,2024-08-19 16:04:20
"885","peter",3.75,12.27,2024-08-19 16:04:50
"886","peter",4,10.72,2024-08-19 16:05:20
"887","peter",4.25,9.6,2024-08-19 16:05:50
"888","peter",4.5,8.8,2024-08-19 16:06:20
"889","peter",4.75,8.06,2024-08-19 16:06:50
"890","peter",5,7.24,2024-08-19 16:07:20
"891","peter",5.25,6.8,2024-08-19 16:07:50
"892","peter",5.5,6.35,2024-08-19 16:08:20
"893","peter",5.75,5.94,2024-08-19 16:08:50
"894","peter",6,5.62,2024-08-19 16:09:20
"895","peter",6.25,5.38,2024-08-19 16:09:50
"896","peter",6.5,5.22,2024-08-19 16:10:20
"897","peter",6.75,5.05,2024-08-19 16:10:50
"898","peter",7,5.01,2024-08-19 16:11:20
"899","peter",7.5,4.87,2024-08-19 16:11:50
"900","peter",8,4.79,2024-08-19 16:12:20
"901","peter",0,21.85,2024-08-21 11:56:20
"902","peter",0.25,21.67,2024-08-21 11:56:50
"903","peter",0.5,21.69,2024-08-21 11:57:20
"904","peter",0.75,21.23,2024-08-21 11:57:50
"905","peter",1,21.04,2024-08-21 11:58:20
"906","peter",1.25,20.9,2024-08-21 11:58:50
"907","peter",1.5,20.74,2024-08-21 11:59:20
"908","peter",1.75,20.63,2024-08-21 11:59:50
"909","peter",2,20.25,2024-08-21 12:00:20
"910","peter",2.25,20.01,2024-08-21 12:00:50
"911","peter",2.5,19.54,2024-08-21 12:01:20
"912","peter",2.75,17.85,2024-08-21 12:01:50
"913","peter",3,16.1,2024-08-21 12:02:20
"914","peter",3.25,14.79,2024-08-21 12:02:50
"915","peter",3.5,13.25,2024-08-21 12:03:20
"916","peter",3.75,12.12,2024-08-21 12:03:50
"917","peter",4,11.17,2024-08-21 12:04:20
"918","peter",4.25,10.01,2024-08-21 12:04:50
"919","peter",4.5,8.93,2024-08-21 12:05:20
"920","peter",4.75,8.11,2024-08-21 12:05:50
"921","peter",5,7.53,2024-08-21 12:06:20
"922","peter",5.25,7.01,2024-08-21 12:06:50
"923","peter",5.5,6.59,2024-08-21 12:07:20
"924","peter",5.75,6.35,2024-08-21 12:07:50
"925","peter",6,5.72,2024-08-21 12:08:20
"926","peter",6.25,5.57,2024-08-21 12:08:50
"927","peter",6.5,5.34,2024-08-21 12:09:20
"928","peter",6.75,5.17,2024-08-21 12:09:50
"929","peter",7,5.03,2024-08-21 12:10:20
"930","peter",7.5,4.87,2024-08-21 12:10:50
"931","peter",8,4.79,2024-08-21 12:11:20
"932","peter",0,23.18,2024-08-24 13:16:20
"933","peter",0.25,22.79,2024-08-24 13:16:50
"934","peter",0.5,22.25,2024-08-24 13:17:20
"935","peter",0.75,21.96,2024-08-24 13:17:50
"936","peter",1,21.84,2024-08-24 13:18:20
"937","peter",1.25,21.75,2024-08-24 13:18:50
"938","peter",1.5,21.61,2024-08-24 13:19:20
"939","peter",1.75,21.53,2024-08-24 13:19:50
"940","peter",2,21.23,2024-08-24 13:20:20
"941","peter",2.25,20.4,2024-08-24 13:20:50
"942","peter",2.5,19.5,2024-08-24 13:21:20
"943","peter",2.75,18.5,2024-08-24 13:21:50
"944","peter",3,16.41,2024-08-24 13:22:20
"945","peter",3.25,15.12,2024-08-24 13:22:50
"946","peter",3.5,13.89,2024-08-24 13:23:20
"947","peter",3.75,12.63,2024-08-24 13:23:50
"948","peter",4,11.07,2024-08-24 13:24:20
"949","peter",4.25,10.03,2024-08-24 13:24:50
"950","peter",4.5,8.96,2024-08-24 13:25:20
"951","peter",4.75,8.29,2024-08-24 13:25:50
"952","peter",5,7.56,2024-08-24 13:26:20
"953","peter",5.25,7.12,2024-08-24 13:26:50
"954","peter",5.5,6.75,2024-08-24 13:27:20
"955","peter",5.75,6.51,2024-08-24 13:27:50
"956","peter",6,6.42,2024-08-24 13:28:20
"957","peter",6.25,5.86,2024-08-24 13:28:50
"958","peter",6.5,5.5,2024-08-24 13:29:20
"959","peter",6.75,5.35,2024-08-24 13:29:50
"960","peter",7,5.23,2024-08-24 13:30:20
"961","peter",7.5,4.92,2024-08-24 13:30:50
"962","peter",8,4.82,2024-08-24 13:31:20
"963","peter",0,24.03,2024-06-18 15:53:20
"964","peter",0.25,23.99,2024-06-18 15:53:50
"965","peter",0.5,23.79,2024-06-18 15:54:20
"966","peter",0.75,22.02,2024-06-18 15:54:50
"967","peter",1,21.55,2024-06-18 15:55:20
"968","peter",1.25,20.77,2024-06-18 15:55:50
"969","peter",1.5,20.56,2024-06-18 15:56:20
"970","peter",1.75,19.98,2024-06-18 15:56:50
"971","peter",2,19.03,2024-06-18 15:57:20
"972","peter",2.25,17.97,2024-06-18 15:57:50
"973","peter",2.5,16.23,2024-06-18 15:58:20
"974","peter",2.75,14.83,2024-06-18 15:58:50
"975","peter",3,13.53,2024-06-18 15:59:20
"976","peter",3.25,12.28,2024-06-18 15:59:50
"977","peter",3.5,10.22,2024-06-18 16:00:20
"978","peter",3.75,9.2,2024-06-18 16:00:50
"979","peter",4,8.24,2024-06-18 16:01:20
"980","peter",4.25,7.64,2024-06-18 16:01:50
"981","peter",4.5,6.95,2024-06-18 16:02:20
"982","peter",4.75,6.42,2024-06-18 16:02:50
"983","peter",5,6.04,2024-06-18 16:03:20
"984","peter",5.25,5.67,2024-06-18 16:03:50
"985","peter",5.5,5.22,2024-06-18 16:04:20
"986","peter",5.75,4.93,2024-06-18 16:04:50
"987","peter",6,4.8,2024-06-18 16:05:20
"988","peter",6.25,4.8,2024-06-18 16:05:50
"989","peter",6.5,4.78,2024-06-18 16:06:20
"990","peter",6.75,4.76,2024-06-18 16:06:50
"991","peter",7,4.69,2024-06-18 16:07:20
"992","peter",7.5,4.63,2024-06-18 16:07:50
"993","peter",8,4.58,2024-06-18 16:08:20
"994","peter",9,4.44,2024-06-18 16:08:50
"995","peter",0,23.95,2024-06-24 15:09:20
"996","peter",0.25,23.94,2024-06-24 15:09:50
"997","peter",0.5,23.1,2024-06-24 15:10:20
"998","peter",0.75,22.29,2024-06-24 15:10:50
"999","peter",1,21.39,2024-06-24 15:11:20
"1000","peter",1.25,20.67,2024-06-24 15:11:50
"1001","peter",1.5,20.46,2024-06-24 15:12:20
"1002","peter",1.75,20.04,2024-06-24 15:12:50
"1003","peter",2,19.49,2024-06-24 15:13:20
"1004","peter",2.25,18.4,2024-06-24 15:13:50
"1005","peter",2.5,16.99,2024-06-24 15:14:20
"1006","peter",2.75,15.19,2024-06-24 15:14:50
"1007","peter",3,13.98,2024-06-24 15:15:20
"1008","peter",3.25,12.1,2024-06-24 15:15:50
"1009","peter",3.5,10.89,2024-06-24 15:16:20
"1010","peter",3.75,9.54,2024-06-24 15:16:50
"1011","peter",4,8.55,2024-06-24 15:17:20
"1012","peter",4.25,7.71,2024-06-24 15:17:50
"1013","peter",4.5,7.11,2024-06-24 15:18:20
"1014","peter",4.75,6.18,2024-06-24 15:18:50
"1015","peter",5,5.8,2024-06-24 15:19:20
"1016","peter",5.25,5.23,2024-06-24 15:19:50
"1017","peter",5.5,5.1,2024-06-24 15:20:20
"1018","peter",5.75,5.01,2024-06-24 15:20:50
"1019","peter",6,4.99,2024-06-24 15:21:20
"1020","peter",6.25,4.95,2024-06-24 15:21:50
"1021","peter",6.5,4.87,2024-06-24 15:22:20
"1022","peter",6.75,4.82,2024-06-24 15:22:50
"1023","peter",7,4.77,2024-06-24 15:23:20
"1024","peter",7.5,4.64,2024-06-24 15:23:50
"1025","peter",8,4.59,2024-06-24 15:24:20
